"source_dataset_id","player_id","club_id","original_player_name","original_team_name","player_age_years","market_value_mln","value_rank","plays_in_europe","matches_played","goals","assists","minutes_per_goal","minutes_played","instagram_followers_mln"
"1","644","29","Mathys Tel","Bayern ","19","40.0","5","1","88","25","6","113","2814","0.662"
"1","941","27","Victor Boniface","Bayer 04 Leverkusen","23","40.0","5","1","151","61","30","138","8445","0.727"
"1","853","75","Santiago Gimenez","Feyenoord","23","40.0","5","1","1","2","1","35","69","1.6"
"1","130","41","Bryan Mbeumo","Brentford FC","24","40.0","5","1","247","64","46","280","17945","0.12"
"1","18","23","Ademola Lookman","Atalanta ","26","40.0","5","1","278","67","36","238","15932","0.741"
"1","237","36","Donyell Malen","Borussia Dortmund","25","40.0","5","1","310","122","55","161","19629","0.385"
"1","164","1","Christian Pulisic","AC Milan","25","40.0","5","1","347","74","69","288","21295","7.8"
"1","872","36","Serhou Guirassy","Borussia Dortmund","28","40.0","5","1","290","109","16","158","17214","0.293"
"1","234","3","Dominic Solanke","AFC Bournemouth","26","40.0","5","1","320","123","39","190","23361","0.906"
"1","867","29","Serge Gnabry","Bayern ","29","40.0","5","1","369","127","74","183","23253","2.9"
"1","799","188","Richarlison","Tottenham Hotspur","27","38.0","5","1","350","101","36","249","25162","23.0"
"1","845","25","Samu Omorodion","Atletico de Madrid","20","35.0","5","1","72","27","1","156","4221","0.062"
"1","722","50","Nicolas Jackson","Chelsea FC","23","35.0","5","1","136","38","21","234","8894","1.2"
"1","276","139","Evanilson","Oporto FC","24","35.0","5","1","190","79","23","143","11306","0.6"
"1","253","109","Elye Wahi","Lens FC","21","35.0","5","1","141","47","13","74","8172","0.118"
"1","703","50","Mykhaylo Mudryk","Chelsea FC","23","35.0","5","1","135","19","23","375","7133","2.0"
"1","720","76","Nico González","Fiorentina","26","35.0","5","1","251","72","31","237","17083","1.5"
"1","125","5","Brian Brobbey","Ajax FC","22","35.0","5","1","241","134","40","105","14118","0.281"
"1","363","132","Harvey Barnes","Newcastle United","26","35.0","5","1","325","83","57","267","22198","0.308"
"1","82","4","Artem Dovbyk","AS Roma","27","35.0","5","1","212","102","27","138","14062","0.299"
"1","291","99","Federico Chiesa","Juventus","26","35.0","5","1","324","77","53","295","22720","4.2"
"1","337","23","Gianluca Scamacca","Atalanta ","25","35.0","5","1","244","82","15","171","14015","0.432"
"1","556","20","Leandro Trossard","Arsenal","29","35.0","5","1","413","119","55","236","28047","1.3"
"1","785","49","Raheem Sterling","Chelsea","29","35.0","5","1","571","181","113","230","41629","10.8"
"1","273","143","Estêvão","Palmeiras","17","30.0","5","0","35","11","7","183","2015","1.4"
"1","953","69","Vitor Roque","FC Barcelona","19","30.0","5","1","118","37","13","167","6178","3.7"
"1","243","180","Désiré Doué","Stade Rennes","19","30.0","5","1","90","9","8","521","4689","0.095"
"1","531","99","Kenan Yıldız","Juventus","19","30.0","5","1","104","27","17","225","6071","2.2"
"1","849","25","Samuel Lino","Atletico de Madrid","24","30.0","5","1","187","43","16","288","12371","0.148"
"1","878","42","Simon Adingra","Brighton","22","30.0","5","1","148","46","29","204","9379","0.496"
"1","658","94","Maximilian Beier","Hoffenhein","21","30.0","5","1","186","75","23","172","12882","0.058"
"1","983","193","Yéremy Pino","Villareal CF","21","30.0","5","1","133","18","12","401","7222","0.152"
"1","46","28","Amine Adli","Bayer Leverkusen","24","30.0","5","1","185","34","30","329","11179","0.733"
"1","771","139","Pepê","Oporto FC","27","30.0","5","1","291","51","46","374","19081","0.636"
"1","301","127","Folarin Balogun","Monaco Fc ","23","30.0","5","1","205","110","32","128","14085","0.371"
"1","500","25","João Félix","Atletico de Madrid","24","30.0","5","1","282","82","41","207","17013","12.7"
"1","405","119","Jadon Sancho","Manchester United","24","30.0","5","1","284","89","84","222","19716","10.2"
"1","297","69","Ferran Torres","FC Barcelona","24","30.0","5","1","265","51","34","286","14601","4.9"
"1","245","20","Eddie Nketiah","Arsenal","25","30.0","5","1","247","89","19","135","12016","0.708"
"1","897","4","Tammy Abraham","AS Roma","26","30.0","5","1","385","162","42","160","25888","2.7"
"1","21","86","Albert Gudmundsson","Gennova","27","30.0","5","1","304","97","45","213","20646","0.096"
"1","944","89","Viktor Tsygankov","Girona FC","26","30.0","5","1","294","106","77","205","21958","0.195"
"1","821","50","Romelu Lukaku","Chelsea FC","31","30.0","5","1","647","309","90","155","47783","8.5"
"1","718","10","Neymar","Al-Hilal","32","30.0","5","0","589","360","221","134","48317","223.0"
"1","567","96","Lionel Messi","Inter Miami ","37","30.0","5","1","12","12","9","86","1035","505.0"
"1","420","61","Jamie Bynoe-Gittens","Dormunt","19","28.0","5","1","80","17","14","212","3605","0.264"
"1","730","50","Noni Madueke","Chelsea FC","22","28.0","5","1","171","47","30","195","9179","0.952"
"1","520","36","Karim Adeyemi","Borussia Dortmund","22","28.0","5","1","232","85","52","162","13754","1.4"
"1","976","41","Yoane Wissa","Brentford FC","27","28.0","5","1","302","86","33","219","18872","0.153"
"1","271","182","Ermedin Demirovic","Stuttgart","26","28.0","5","1","283","95","50","188","17882","0.075"
"1","600","10","Malcom","Al-Hilal","27","28.0","5","0","348","102","61","248","25287","3.0"
"1","894","137","Taiwo Awoniyi","Nottinham Forest","26","28.0","5","1","243","77","28","195","15020","0.361"
"1","156","182","Chris Führich","Stuttgart","26","28.0","5","1","267","55","40","355","19533","0.071"
"1","26","10","Aleksandar Mitrovic","Al-Hilal","29","28.0","5","0","475","236","55","151","35698","0.668"
"1","522","151","Karim Konaté","RB Salzburgo","20","25.0","5","1","2","3","0","52","157","0.334"
"1","378","40","Igor Thiago","Brentford","23","25.0","5","1","178","63","21","164","10349","0.073"
"1","656","4","Matías Soulé","AS Roma","21","25.0","5","1","136","24","16","387","9298","0.719"
"1","613","31","Marcos Leonardo","Benfica","21","25.0","5","1","189","61","12","191","11664","0.527"
"1","748","118","Oscar Bobb","Manchester City","21","25.0","5","1","140","33","35","299","9869","0.398"
"1","75","119","Antony","Manchester United","24","25.0","5","1","216","41","33","358","14679","10.0"
"1","903","133","Terem Moffi","Niza","25","25.0","5","1","193","82","12","174","14189","0.074"
"1","627","120","Mason Greenwood","Marseille","22","25.0","5","1","212","89","30","160","14196","3.0"
"1","247","110","Edon Zhegrova","Lilie","25","25.0","5","1","1","1","0","19","19","0.241"
"1","208","31","David Neres","Benfica","27","25.0","5","1","281","74","69","228","16848","2.4"
"1","67","69","Ansu Fati","FC Barcelona","21","25.0","5","1","148","37","14","161","5962","10.0"
"1","815","25","Rodrigo Riquelme","Atletico de Madrid","24","25.0","5","1","183","27","29","363","9791","0.219"
"1","321","139","Galeno","Oporto FC","26","25.0","5","1","1","2","0","60","120","0.398"
"1","514","202","Jørgen Strand Larsen","Wolverhampton Wanderers","24","25.0","5","1","236","59","28","249","14700","0.062"
"1","47","180","Amine Gouiri","Stade Rennes","24","25.0","5","1","230","73","34","215","15716","0.427"
"1","335","131","Giacomo Raspadori","Napoli FC ","24","25.0","5","1","258","73","25","213","15567","0.428"
"1","219","42","Deniz Undav","Brighton","28","25.0","5","1","296","142","63","146","20736","0.077"
"1","938","31","Vangelis Pavlidis","Benfica","25","25.0","5","1","309","146","63","166","24202","0.08"
"1","367","202","Hee-chan Hwang","Wolverhampton Wanderers","28","25.0","5","1","301","85","50","201","17076","0.946"
"1","392","24","Iñaki Williams","Athletic Club","30","25.0","5","1","453","121","63","278","33587","0.786"
"1","28","82","Alex Iwobi","Fulhamm","28","25.0","5","1","378","46","49","551","25339","1.4"
"1","32","25","Alexander Sørloth","Atletico de Madrid","28","25.0","5","1","370","131","48","175","22879","0.331"
"1","71","25","Antoine Griezmann","Atletico de Madrid","33","25.0","5","1","693","268","119","197","52807","41.1"
"1","583","205","Luis Guilherme","west haam","18","24.0","5","1","18","1","1","677","677","0.377"
"1","768","77","Pedro","Flamengo","27","23.0","5","1","39","29","7","107","3091","0.264"
"1","713","28","Nathan Tella","Bayer Leverkusen","25","23.0","5","1","187","42","24","239","10021","0.121"
"1","242","67","Dwight McNeil","Evertton","24","22.0","5","1","229","17","27","1076","18296","0.093"
"1","68","137","Anthony Elanga","Nottinham Forest","22","22.0","5","1","163","35","29","297","10384","1.5"
"1","78","50","Armando Broja","Chelsea FC","22","22.0","5","1","171","44","10","203","8951","0.587"
"1","306","139","Francisco Conceição","Oporto FC","21","22.0","5","1","151","21","20","318","6670","0.337"
"1","537","41","Kevin Schade","Brentford FC","22","22.0","5","1","164","37","23","256","9470","0.05"
"1","979","36","Youssoufa Moukoko","Borussia Dortmund","19","22.0","5","1","181","160","35","68","10882","1.8"
"1","742","63","Omar Marmoush","Eintracht","25","22.0","5","1","188","50","18","213","16640","1.1"
"1","190","35","Dan Ndoye","Bolonia","23","22.0","5","1","279","61","28","283","17244","0.081"
"1","260","22","Emiliano Buendía","Aston Villa","27","22.0","5","1","315","50","65","425","21228","0.236"
"1","233","67","Dominic Calvert-Lewin","Evertton","27","22.0","5","1","299","86","21","222","19133","0.517"
"1","760","28","Patrik Schick","Bayer Leverkusen","28","22.0","5","1","284","95","22","171","16260","0.419"
"1","191","38","Dango Ouattara","Bournemouth","22","20.0","4","1","100","10","13","550","5500","0.035"
"1","814","82","Rodrigo Muniz","Fulhamm","23","20.0","4","1","115","29","2","177","5144","0.369"
"1","329","138","Georges Mikautadze","Olimpic Lyon","23","20.0","4","1","148","82","17","147","12039","0.243"
"1","373","63","Hugo Ekitiké","Eintracht","22","20.0","4","1","103","28","13","189","5286","0.521"
"1","118","117","Brajan Gruda","Mainz","20","20.0","4","1","70","22","10","212","4671","0.031"
"1","448","22","Jhon Durán","Aston Villa","20","20.0","4","1","126","25","10","222","5552","0.169"
"1","249","23","El Bilal Touré","Atalanta ","22","20.0","4","1","109","21","8","246","5168","1.3"
"1","49","158","Ander Barrenetxea","Real Sociedad","22","20.0","4","1","161","17","8","418","7109","0.055"
"1","112","67","Beto","Evertton","26","20.0","4","1","173","53","8","194","10298","0.083"
"1","79","180","Arnaud Kalimuendo","Stade Rennes","22","20.0","4","1","166","63","18","164","10329","0.276"
"1","94","85","Barış Alper Yılmaz","Galatsaray","24","20.0","4","0","1","0","0","0","45","2.2"
"1","182","205","Crysencio Summerville","west haam","22","20.0","4","1","196","51","34","269","3706","0.215"
"1","623","28","Martin Terrier","Bayer Leverkusen","27","20.0","4","1","275","78","30","223","17397","0.158"
"1","978","74","Youssef En-Nesyri","Fenerbachce","27","20.0","4","1","1","0","0","0","11","2.0"
"1","434","57","Jean-Philippe Mateta","Crystal Palace","27","20.0","4","1","262","202","14","161","19392","0.11"
"1","931","177","Trincão","Sporting lisboa","24","20.0","4","1","1","0","0","0","83","0.751"
"1","846","1","Samuel Chukwueze","AC Milan","25","20.0","4","1","260","44","36","337","14842","1.0"
"1","476","200","Jonas Wind","Wolfburgo","25","20.0","4","1","237","97","36","178","17312","0.056"
"1","729","1","Noah Okafor","AC Milan","24","20.0","4","1","256","62","35","215","13305","1.0"
"1","615","177","Marcus Edwards","Sporting lisboa","25","20.0","4","1","1","0","0","0","37","0.192"
"1","611","146","Marco Asensio","Paris Saint-Germain","28","20.0","4","1","410","77","63","297","22897","15.4"
"1","857","138","Saïd Benrahma","Olimpic Lyon","28","20.0","4","1","354","79","62","275","21751","2.6"
"1","652","105","Mattia Zaccagni","Lassio","29","20.0","4","1","352","43","48","555","23854","0.338"
"1","678","132","Miguel Almirón","Newcastle United","30","20.0","4","1","326","56","38","422","23652","1.3"
"1","767","4","Paulo Dybala","AS Roma","30","20.0","4","1","503","187","82","184","34371","58.0"
"1","896","127","Takumi Minamino","Monaco Fc ","29","20.0","4","1","405","107","64","225","24031","1.2"
"1","272","138","Ernest Nuamah","Olimpic Lyon","20","18.0","4","1","87","24","7","240","5750","0.068"
"1","383","167","Isaac Romero","Sevilla FC ","24","18.0","4","1","88","30","14","205","6148","0.105"
"1","330","107","Georginio Rutter","Leeds United","22","18.0","4","1","169","29","27","356","10323","0.1"
"1","910","35","Thijs Dallinga","Bolonia","23","18.0","4","1","205","108","20","138","14868","0.034"
"1","43","119","Amad Diallo","Manchester United","22","18.0","4","1","180","64","34","179","11446","1.5"
"1","56","44","Andreas Skov Olsen","Brujas FC ","24","18.0","4","1","2","0","0","0","35","0.073"
"1","396","67","Jack Harrison","Evertton","27","18.0","4","1","310","52","46","452","23511","0.208"
"1","386","57","Ismaïla Sarr","Crystal Palace","26","18.0","4","1","276","62","49","338","20983","0.989"
"1","133","137","Callum Hudson-Odoi","Nottinham Forest","23","18.0","4","1","243","56","42","262","14685","1.5"
"1","802","80","Ritsu Doan","Friburgo FC ","26","18.0","4","1","298","64","38","334","21348","0.733"
"1","879","39","Simon Banza","Braga","27","18.0","4","1","1","0","0","0","13","0.099"
"1","733","57","Odsonne Edouard","Crystal Palace","26","18.0","4","1","322","117","45","169","19793","0.276"
"1","345","24","Gorka Guruzeta","Athletic Club","27","18.0","4","1","260","71","23","234","16621","0.049"
"1","728","141","Noa Lang","PSV ","25","18.0","4","1","1","1","0","64","64","0.508"
"1","888","5","Steven Bergwijn","Ajax FC","26","18.0","4","1","351","86","68","261","22472","1.5"
"1","41","74","Allan Saint-Maximin","Fenerbachce","27","18.0","4","1","1","0","0","0","70","1.4"
"1","994","25","Ángel Correa","Atletico de Madrid","29","18.0","4","1","485","92","79","283","26014","2.8"
"1","264","38","Enes Ünal","Bournemouth","27","18.0","4","1","350","95","30","213","20245","0.245"
"1","882","42","Solly March","Brighton","30","18.0","4","1","295","27","29","675","18234","0.079"
"1","585","38","Luis Sinisterra","Bournemouth","25","17.0","4","1","220","58","38","241","13975","0.272"
"1","766","124","Paulinho","Mineiro","24","17.0","4","0","37","14","4","232","3245","0.936"
"1","362","82","Harry Wilson","Fulhamm","27","17.0","4","1","331","91","76","247","22521","0.377"
"1","915","188","Timo Werner","Tottenham Hotspur","28","17.0","4","1","482","210","90","159","33352","2.7"
"1","657","84","Mauro Icardi","Galatasaray","31","17.0","4","0","1","0","0","0","90","12.1"
"1","973","42","Yankuba Minteh","Brighton","20","16.0","4","1","61","17","13","221","3754","0.091"
"1","682","201","Mohamed Amoura","Wolfsburgo","24","16.0","4","1","156","57","20","141","8009","0.498"
"1","573","76","Lucas Beltrán","Fiorentina","23","16.0","4","1","170","39","13","238","9264","0.623"
"1","961","107","Wilfried Gnonto","Leeds United","20","16.0","4","1","194","43","24","223","9577","0.172"
"1","372","192","Hugo Duro","Valencia FC","24","16.0","4","1","192","52","14","233","12107","0.107"
"1","634","87","Mateo Retegui","Genova","25","16.0","4","1","192","56","11","209","11731","0.304"
"1","544","59","Konstantin Tyukavin","Dinamo Moscu","22","16.0","4","1","4","1","1","360","360","0.294"
"1","554","44","Kévin Denkey","Brujas FC ","23","16.0","4","1","4","0","1","0","349","0.017"
"1","798","35","Riccardo Orsolini","Bolonia","27","16.0","4","1","306","86","44","225","19343","0.13"
"1","10","173","Adam Armstrong","Southampton","27","16.0","4","1","427","139","52","214","29731","0.075"
"1","993","1","Álvaro Morata","AC Milan","31","16.0","4","1","589","216","82","159","34356","22.6"
"1","338","138","Gift Orban","Olimpic Lyon","22","15.0","4","1","92","54","9","108","5806","0.826"
"1","250","71","Eli Junior Kroupi","FC Lorient","18","15.0","4","1","51","15","4","147","2202","10.4"
"1","73","44","Antonio Nusa","Brujas FC ","19","15.0","4","1","3","0","0","0","187","0.084"
"1","995","50","Ângelo","Chelsea FC","19","15.0","4","1","154","5","14","1460","7302","0.529"
"1","601","138","Malick Fofana","Olimpic Lyon","19","15.0","4","1","98","13","11","387","5036","0.041"
"1","379","193","Ilias Akhomach","Villareal CF","20","15.0","4","1","95","9","5","593","5340","0.825"
"1","992","24","Álvaro Djaló","Athletic Club","24","15.0","4","1","120","25","11","228","5702","0.075"
"1","404","22","Jaden Philogene","Aston Villa","22","15.0","4","1","130","40","14","226","9036","0.0"
"1","527","41","Keane Lewis-Potter","Brentford FC","23","15.0","4","1","176","36","13","304","10928","20.8"
"1","380","67","Iliman Ndiaye","Evertton","24","15.0","4","1","134","26","19","337","8764","0.505"
"1","393","183","Jack Clarke","Sunderland","23","15.0","4","1","192","35","32","377","13288","0.133"
"1","758","201","Patrick Wimmer","Wolfsburgo","23","15.0","4","1","149","20","28","440","8801","0.031"
"1","900","105","Taty Castellanos","Lassio","25","15.0","4","1","248","84","33","201","16893","0.269"
"1","692","22","Morgan Rogers","Aston Villa","22","15.0","4","1","199","46","32","280","12862","0.106"
"1","534","84","Kerem Aktürkoğlu","Galatasaray","25","15.0","4","1","1","0","0","0","45","2.7"
"1","168","186","Ché Adams","Torino","28","15.0","4","1","370","102","38","229","23394","0.128"
"1","50","18","Anders Dreyer","Anderlecht","26","15.0","4","1","2","0","0","0","180","25.9"
"1","794","20","Reiss Nelson","Arsenal","24","15.0","4","1","218","44","29","252","11099","0.995"
"1","817","80","Roland Sallai","Friburgo FC ","27","15.0","4","1","277","41","36","402","16465","0.11"
"1","370","141","Hirving Lozano","PSV ","29","15.0","4","1","0","0","0","0","0","1.9"
"1","53","166","Andrea Pinamonti","Sassuolo","25","15.0","4","1","259","86","18","210","12865","0.247"
"1","116","88","Borja Mayoral","Getafe FC","27","15.0","4","1","318","105","25","178","18698","0.932"
"1","581","159","Ludovic Blas","Renees","26","15.0","4","1","326","59","31","375","22132","0.121"
"1","795","39","Ricardo Horta","Braga","29","15.0","4","1","2","1","1","141","141","0.106"
"1","344","202","Gonçalo Guedes","Wolverhampton Wanderers","27","15.0","4","1","373","69","70","337","23236","0.512"
"1","513","133","Jérémie Boga","Niza","27","15.0","4","1","332","49","35","399","19552","0.273"
"1","839","12","Sadio Mané","Al-Nassar","32","15.0","4","0","538","223","104","186","41545","16.6"
"1","402","132","Jacob Murphy","Newcastle United","29","15.0","4","1","412","64","64","388","24859","0.168"
"1","719","205","Niclas Füllkrug","west haam","31","15.0","4","1","417","159","55","173","27566","0.804"
"1","806","69","Robert Lewandowski","FC Barcelona","35","15.0","4","1","771","568","152","112","63488","35.5"
"1","181","12","Cristiano Ronaldo","Al-Nassar","39","15.0","4","0","1013","759","238","109","82996","635.0"
"1","377","75","Igor Paixão","Feyenoord","24","14.0","3","1","1","0","0","0","77","0.118"
"1","226","192","Diego López","Valencia FC","22","14.0","3","1","72","12","8","360","4317","0.372"
"1","445","78","Jhon Arias","Fluminese","26","14.0","3","1","29","7","5","363","2542","0.616"
"1","951","87","Vitinha","Genova","24","14.0","3","1","162","50","14","177","8842","0.103"
"1","129","89","Bryan Gil","Girona FC","23","14.0","3","1","171","13","19","675","8778","0.313"
"1","553","48","Kyogo Furuhashi","Celtic FC","29","14.0","3","1","1","0","1","0","90","0.295"
"1","289","140","Facundo Torres","Orlando","24","14.0","3","0","25","9","5","226","2038","0.002"
"1","493","134","Josh Sargent","Norwich","24","14.0","3","1","195","55","18","239","13172","0.1"
"1","83","31","Arthur Cabral","Benfica","26","14.0","3","1","272","109","26","154","16772","0.377"
"1","501","107","Joël Piroe","Leeds United","25","14.0","3","1","293","122","31","169","20655","0.057"
"1","689","76","Moise Kean","Fiorentina","24","14.0","3","1","284","90","11","155","13027","2.5"
"1","147","74","Cengiz Ünder","Fenerbachce","27","14.0","3","1","334","65","46","313","20646","1.4"
"1","511","38","Justin Kluivert","Bournemouth","25","14.0","3","1","285","64","51","273","17460","0.673"
"1","193","107","Daniel James","Leeds United","26","14.0","3","1","274","43","45","415","17848","1.5"
"1","731","177","Nuno Santos","Sporting lisboa","29","14.0","3","1","352","57","71","394","22486","0.162"
"1","782","32","Rafa","Besiktas","31","14.0","3","0","1","1","1","90","90","0.0"
"1","446","101","Jhon Córdoba","Krasnodar","31","14.0","3","1","2","0","0","0","137","0.266"
"1","974","16","Yannick Carrasco","Al-Shabab","30","14.0","3","0","450","102","93","306","31238","0.885"
"1","518","173","Kamaldeen Sulemana","Southampton","22","13.0","3","1","137","22","17","319","7016","0.137"
"1","786","184","Ramón Sosa","Talleres","24","13.0","3","0","21","7","6","215","1507","0.375"
"1","848","22","Samuel Iling-Junior","Aston Villa","20","13.0","3","1","136","22","24","352","7753","0.281"
"1","138","22","Cameron Archer","Aston Villa","22","13.0","3","1","169","49","17","216","10596","0.086"
"1","302","144","Fotis Ioannidis","Panatinaikos","24","13.0","3","1","210","54","15","226","12217","0.112"
"1","594","45","Lyle Foster","Burnley","23","13.0","3","1","136","24","16","331","7933","0.0"
"1","184","53","Cucho Hernández","Columbus","25","13.0","3","0","18","13","6","115","1498","0.392"
"1","603","187","Manor Solomon","Tottenham","25","13.0","3","1","209","35","17","328","11481","0.279"
"1","81","193","Arnaut Danjuma","Villareal CF","27","13.0","3","1","245","77","36","192","14808","0.417"
"1","559","2","Levi García","AEK Athenas","26","13.0","3","1","3","5","1","51","256","0.533"
"1","764","173","Paul Onuachu","Southampton","30","13.0","3","1","364","181","38","130","23499","0.153"
"1","195","202","Daniel Podence","Wolverhampton Wanderers","28","13.0","3","1","358","57","59","400","22796","0.27"
"1","142","115","Carlton Morris","Luton","28","13.0","3","1","382","90","42","288","25910","0.024"
"1","650","131","Matteo Politano","Napoli FC ","30","13.0","3","1","535","94","63","343","32275","0.635"
"1","135","132","Callum Wilson","Newcastle United","32","13.0","3","1","370","140","46","192","26941","1.0"
"1","375","42","Ibrahim Osman","Brighton","19","12.0","3","1","59","13","9","275","3572","0.045"
"1","89","157","Assane Diao","Real Betis","18","12.0","3","1","53","10","2","328","3280","0.074"
"1","535","169","Kevin","Shaktar","21","12.0","3","1","1","0","1","0","73","0.375"
"1","865","32","Semih Kılıçsoy","Besiktas","18","12.0","3","0","1","0","0","0","68","1.1"
"1","852","35","Santiago Castro","Bolonia","19","12.0","3","1","72","10","3","268","2676","0.06"
"1","586","37","Luiz Henrique","Botafogo","23","12.0","3","0","32","6","4","352","2112","0.273"
"1","205","50","David Datro Fofana","Chelsea FC","21","12.0","3","1","103","31","12","179","5547","0.249"
"1","131","30","Bryan Zaragoza","Bayern Munich","22","12.0","3","1","113","19","3","289","5491","0.188"
"1","499","137","Jota Silva","Nottinham Forest","25","12.0","3","1","1","1","0","90","90","0.052"
"1","267","163","Eren Dinkci","SC Friburgo","22","12.0","3","1","117","45","22","150","6751","0.022"
"1","796","141","Ricardo Pepi","PSV ","21","12.0","3","1","1","0","0","0","1","0.107"
"1","570","191","Lorenzo Lucca","Udinese","23","12.0","3","1","164","55","16","179","9850","0.055"
"1","880","133","Sofiane Diop","Niza","24","12.0","3","1","183","24","15","446","10707","0.203"
"1","254","64","Emanuel Emegha","Estrasburgo","21","12.0","3","1","129","33","10","209","7522","0.017"
"1","11","28","Adam Hlozek","Bayer Leverkusen","22","12.0","3","1","223","62","47","232","14405","0.113"
"1","986","45","Zeki Amdouni","Burnley","23","12.0","3","1","232","78","11","183","14304","0.085"
"1","693","149","Morgan Whittaker","Plymouth Argyle","23","12.0","3","1","245","84","39","180","15079","0.03"
"1","548","125","Krépin Diatta","Monaco","25","12.0","3","1","219","36","27","386","13913","0.458"
"1","980","54","Yuri Alberto","Corinthians","23","12.0","3","0","37","17","3","160","2724","0.002"
"1","349","106","Gustav Isaksen","Lazio","23","12.0","3","1","212","57","33","220","12547","0.059"
"1","587","75","Luka Ivanusec","Feyenoord","25","12.0","3","1","1","0","0","0","13","0.087"
"1","679","45","Mike Trésor","Burnley","25","12.0","3","1","199","33","54","376","12396","0.028"
"1","36","1","Alexis Saelemaekers","AC Milan","25","12.0","3","1","242","16","28","901","14412","0.489"
"1","761","108","Patson Daka","Leicester City","25","12.0","3","1","250","98","47","139","13654","0.304"
"1","186","131","Cyril Ngonge","Napoli FC ","24","12.0","3","1","155","40","14","231","9240","0.11"
"1","9","89","Abel Ruiz","Girona FC","24","12.0","3","1","274","50","25","312","15620","0.109"
"1","991","24","Álex Berenguer","Athletic Club","29","12.0","3","1","350","43","44","468","20120","0.093"
"1","478","117","Jonathan Burkardt","Mainz","24","12.0","3","1","183","57","29","212","12101","0.0"
"1","251","115","Elijah Adebayo","Luton","26","12.0","3","1","282","80","26","248","19855","0.031"
"1","231","167","Dodi Lukébakio","Sevilla FC ","26","12.0","3","1","239","54","35","263","14205","0.091"
"1","530","167","Kelechi Iheanacho","Sevilla FC ","27","12.0","3","1","305","87","45","157","13665","0.835"
"1","524","154","Kasper Dolberg","RSC AnderLecht","26","12.0","3","1","2","0","0","0","165","0.377"
"1","694","73","Moses Simon","Fc Nantes","29","12.0","3","1","365","68","61","383","26023","0.298"
"1","939","153","Vedat Muriqi","RCD Mallorca","30","12.0","3","1","383","111","34","229","25376","0.374"
"1","121","126","Breel Embolo","Monaco FC","27","12.0","3","1","335","90","55","222","19992","0.443"
"1","307","90","Franck Honorat","Gladbach","27","12.0","3","1","291","41","56","479","19635","0.035"
"1","697","9","Moussa Dembélé","Al-Ettifaq","28","12.0","3","0","379","166","48","147","24408","0.334"
"1","715","67","Neal Maupay","Evertton","27","12.0","3","1","375","102","32","227","23116","0.133"
"1","167","5","Chuba Akpom","Ajax FC","28","12.0","3","1","2","0","0","0","154","0.461"
"1","803","6","Riyad Mahrez","Al-Ahli","33","12.0","3","0","520","149","118","244","36305","0.012"
"1","311","202","Fábio Silva","Wolverhampton Wanderers","22","11.0","3","1","184","38","18","252","9574","0.296"
"1","599","203","Maksim Glushenkov","Zenit","25","11.0","3","1","5","8","1","44","349","0.013"
"1","85","203","Artur","Zenit","26","11.0","3","1","5","0","3","0","182","4.9"
"1","632","203","Mateo Cassierra","Zenit","27","11.0","3","1","4","3","2","101","302","0.062"
"1","353","16","Habib Diallo","Al-Shabab","29","11.0","3","0","304","112","31","180","20134","0.167"
"1","885","108","Stephy Mavididi","Leicester City","26","11.0","3","1","306","79","19","245","19328","0.391"
"1","293","145","Fedor Chalov","Paok","26","11.0","3","1","2","0","0","0","90","0.109"
"1","962","84","Wilfried Zaha","Galatasaray","31","11.0","3","1","1","0","0","0","15","2.5"
"1","351","92","Gustavo Nunes","Gremio","18","10.0","2","0","42","8","6","332","2653","0.14"
"1","305","123","Francesco Camarda","Milan ","16","10.0","2","1","46","14","5","199","2783","0.421"
"1","957","54","Wesley","Corinthians","19","10.0","2","0","43","5","4","551","2756","1.2"
"1","328","126","George Ilenikhena","Monaco FC","17","10.0","2","1","84","33","1","106","3485","0.019"
"1","336","31","Gianluca Prestianni","Benfica","18","10.0","2","1","46","4","2","551","2202","0.133"
"1","816","162","Roger","SC Braga","18","10.0","2","1","2","1","1","150","150","0.021"
"1","388","108","Issahaku Fatawu","Leicester City","20","10.0","2","1","76","18","15","276","4965","0.183"
"1","579","19","Luciano Gondou","Argentinos Jrs","23","10.0","2","0","22","6","4","285","1709","0.043"
"1","968","45","Wilson Odobert","Burnley","19","10.0","2","1","95","27","9","221","5979","0.03"
"1","99","111","Ben Doak","Liverpool","18","10.0","2","1","41","11","8","224","2464","0.348"
"1","325","177","Geny Catamo","Sporting lisboa","23","10.0","2","1","1","0","0","0","120","0.11"
"1","288","119","Facundo Pellistri","Manchester United","22","10.0","2","1","120","7","9","895","6264","1.1"
"1","687","133","Mohamed-Ali Cho","Niza","20","10.0","2","1","116","8","8","574","4590","0.08"
"1","55","31","Andreas Schjelderup","Benfica","20","10.0","2","1","113","36","17","204","7354","0.111"
"1","954","60","Vladyslav Vanat","Dinamo de kiev","22","10.0","2","1","3","1","2","259","259","0.012"
"1","117","164","Boulaye Dia","Salernitana","27","10.0","2","1","201","72","16","188","13508","0.165"
"1","877","182","Silas","Stuttgart","25","10.0","2","1","167","47","23","215","10114","0.22"
"1","20","129","Akor Adams","Montpellier","24","10.0","2","1","139","54","16","156","8444","0.014"
"1","290","121","Faris Moumbagna","Marsella","24","10.0","2","1","180","61","24","177","10786","0.037"
"1","72","38","Antoine Semenyo","Bournemouth","24","10.0","2","1","211","36","26","328","11804","0.096"
"1","77","166","Armand Laurienté","Sassuolo","25","10.0","2","1","199","35","27","380","13316","0.03"
"1","683","179","Mohamed Daramy","Stade Reims","22","10.0","2","1","217","54","33","248","13369","0.115"
"1","680","41","Mikkel Damsgaard","Brentford FC","24","10.0","2","1","213","19","28","690","13109","0.109"
"1","227","64","Dilane Bakwa","Estrasburgo","21","10.0","2","1","109","12","19","559","6711","0.024"
"1","106","31","Benjamín Rollheiser","Benfica","24","10.0","2","1","126","15","10","448","6716","0.246"
"1","695","73","Mostafa Mohamed","Fc Nantes","26","10.0","2","1","260","77","22","214","16492","1.9"
"1","913","204","Tijjani Noslin","lazio","25","10.0","2","1","116","16","12","269","16266","0.026"
"1","166","44","Christos Tzolis","Brujas FC ","22","10.0","2","1","3","1","0","231","231","0.062"
"1","66","63","Ansgar Knauff","Eintracht","22","10.0","2","1","195","35","33","336","11752","0.14"
"1","371","51","Hugo Cuypers","Chicago","27","10.0","2","1","25","9","2","234","2109","0.006"
"1","506","13","Julián Quiñones","Al-Qadsiah","27","10.0","2","0","293","125","31","173","21647","0.951"
"1","220","147","Dennis Man","Parma","25","10.0","2","1","293","90","45","223","20033","0.184"
"1","984","189","Zakaria Aboukhlal","Toulouse","24","10.0","2","1","245","67","33","212","14221","3.0"
"1","905","144","Tetê","Panatinaikos","24","10.0","2","1","1","0","0","0","29","0.516"
"1","818","178","Romain Del Castillo","Stade Brestois","28","10.0","2","1","273","31","54","518","16047","0.026"
"1","837","14","Róger Guedes","Al-Rayyan SC","27","10.0","2","0","2","3","0","69","207","2.4"
"1","936","158","Umar Sadiq","Real Sociedad","27","10.0","2","1","279","129","54","150","19331","0.582"
"1","479","76","Jonathan Ikoné","Fiorentina","26","10.0","2","1","340","38","42","531","20187","0.227"
"1","278","77","Everton","Flamengo","28","10.0","2","0","28","5","5","278","1990","5.4"
"1","665","94","Mergim Berisha","Hoffenhein","26","10.0","2","1","267","105","45","167","17561","0.172"
"1","663","95","Mehdi Taremi","Inter","32","10.0","2","1","386","192","91","149","28682","5.5"
"1","341","131","Giovanni Simeone","Napoli FC ","29","10.0","2","1","363","99","27","220","21778","0.753"
"1","218","114","Denis Bouanga","Los Angeles FC","29","10.0","2","1","29","17","14","150","2556","0.143"
"1","996","74","İrfan Can Kahveci","Fenerbachce","29","10.0","2","1","3","1","0","49","49","1.4"
"1","876","158","Sheraldo Becker","Real Sociedad","29","10.0","2","1","339","50","61","462","2310","0.066"
"1","70","171","Anthony Martial","Sin Equipo","28","10.0","2","0","403","106","56","229","24276","6.2"
"1","324","133","Gaëtan Laborde","Niza","30","10.0","2","1","391","125","43","224","27973","0.058"
"1","892","61","Sébastien Haller","Dormunt","30","10.0","2","1","393","165","62","172","28457","1.1"
"1","232","166","Domenico Berardi","Sassuolo","30","10.0","2","1","398","149","95","207","30803","0.308"
"1","334","193","Gerard Moreno","Villareal CF","32","10.0","2","1","458","181","63","183","33139","0.275"
"1","664","171","Memphis Depay","Sin Equipo","30","10.0","2","0","458","172","97","175","30105","16.9"
"1","751","202","Pablo Sarabia","Wolverhampton Wanderers","32","10.0","2","1","539","121","94","280","33885","0.95"
"1","521","11","Karim Benzema","Al-Ittihad","36","10.0","2","0","825","433","200","138","59742","76.7"
"1","488","102","Joseph Paintsil","LA Galaxy","26","9.5","2","0","29","9","7","209","1882","0.065"
"1","214","50","Deivid Washington","Chelsea FC","19","9.0","2","1","43","14","0","184","2578","0.229"
"1","25","188","Alejo Véliz","Tottenham Hotspur","20","9.0","2","1","79","21","2","218","4568","0.253"
"1","982","194","Yáser Asprilla","Watford","20","9.0","2","1","126","13","13","574","7473","0.319"
"1","824","70","Roony Bardghji","FC Copenhague","18","9.0","2","1","101","23","5","235","5410","0.068"
"1","7","33","Abde Ezzalzouli","Betis","22","9.0","2","1","127","17","9","391","6644","0.264"
"1","480","134","Jonathan Rowe","Norwich","21","9.0","2","1","118","36","15","199","7169","0.021"
"1","153","65","Chermiti","Everton","20","9.0","2","1","69","7","2","388","2719","0.122"
"1","374","103","Hákon Arnar Haraldsson","LOSC Lille","21","9.0","2","1","1","0","0","0","71","0.025"
"1","512","196","Justin Njinmah","Werder Bremen","23","9.0","2","1","105","42","17","164","6901","0.064"
"1","421","182","Jamie Leweling","Stuttgart","23","9.0","2","1","152","15","14","396","5936","0.034"
"1","674","161","Michel-Ange Balikwisha","Royal Amberes","23","9.0","2","1","1","0","0","0","90","0.019"
"1","48","45","Anass Zaroury","Burnley","23","9.0","2","1","137","27","14","300","8106","1.2"
"1","940","175","Veljko Birmancevic","Sparta Praga","26","9.0","2","1","5","2","1","186","371","0.037"
"1","529","179","Keito Nakamura","Stade Reims","24","9.0","2","1","196","60","20","187","11232","0.189"
"1","823","143","Rony","Palmeiras","29","9.0","2","0","45","9","4","258","2321","1.7"
"1","829","68","Rubén Vargas","FC Augsburgo","25","9.0","2","1","253","52","33","312","16214","0.019"
"1","498","11","Jota","Al-Ittihad","25","9.0","2","0","224","50","46","261","13025","0.254"
"1","477","152","Jonathan Bamba","RC Celta","28","9.0","2","1","324","49","52","488","23911","0.193"
"1","672","8","Michael Olunga","Al-Duhail SC","30","9.0","2","0","3","3","0","90","270","0.205"
"1","661","198","Maxwel Cornet","West Ham","27","9.0","2","1","346","62","37","289","17946","0.389"
"1","354","84","Hakim Ziyech","Galatasaray","31","9.0","2","1","1","0","0","0","60","11.4"
"1","17","83","Adama Traoré","Fullham","28","9.0","2","1","391","33","60","676","22317","2.8"
"1","576","167","Lucas Ocampos","Sevilla FC ","30","9.0","2","1","511","96","52","345","33089","0.911"
"1","946","163","Vincenzo Grifo","SC Friburgo","31","9.0","2","1","400","108","104","270","29168","0.096"
"1","111","5","Bertrand Traoré","Ajax FC","28","9.0","2","1","1","1","0","10","10","0.395"
"1","626","196","Marvin Ducksch","Werder Bremen","30","9.0","2","1","423","211","99","149","31458","0.065"
"1","34","138","Alexandre Lacazette","Olimpic Lyon","33","9.0","2","1","555","253","87","156","39365","0.005"
"1","504","61","Julien Duranville","Dormunt","18","8.5","2","1","23","2","4","448","896","0.066"
"1","747","103","Osame Sahraoui","LOSC Lille","23","8.5","2","1","1","0","0","0","4","0.022"
"1","725","193","Nicolas Pépé","Villareal CF","29","8.5","2","1","323","92","47","223","20494","1.2"
"1","598","190","Mahmoud Trezeguet","Trabzonspor","29","8.5","2","0","2","1","0","161","161","9.6"
"1","675","84","Michy Batshuayi","Galatasaray","30","8.5","2","0","1","0","0","0","45","3.1"
"1","711","92","Nathan Fernandes","Gremio","19","8.0","1","0","32","3","1","300","899","0.002"
"1","580","62","Luciano Rodríguez","EC Bahia","21","8.0","1","0","24","8","0","226","1810","0.177"
"1","497","143","José Manuel López","Palmeiras","23","8.0","1","0","42","16","5","154","2456","0.488"
"1","618","104","Marin Ljubicic","Lask","22","8.0","1","1","2","0","0","0","159","0.0"
"1","64","147","Ange-Yoan Bonny","Parma","20","8.0","1","1","94","10","11","400","3996","0.011"
"1","339","15","Giovani","Al-Sadd SC","20","8.0","1","0","45","6","7","223","1938","0.302"
"1","140","5","Carlos Forbs","Ajax FC","20","8.0","1","1","2","0","0","0","143","0.099"
"1","641","148","Matheus Saldanha","Partizan ","24","8.0","1","1","3","3","0","90","270","0.501"
"1","630","172","Matej Jurasek","Slavia Praga","20","8.0","1","1","2","0","0","0","82","0.022"
"1","318","102","Gabriel Pec","LA Galaxy","23","8.0","1","0","27","11","10","199","2192","1.0"
"1","584","121","Luis Henrique","Marsella","22","8.0","1","1","163","10","15","743","7433","0.274"
"1","847","173","Samuel Edozie","Southampton","21","8.0","1","1","123","20","14","351","7019","0.097"
"1","304","192","Fran Pérez","Valencia FC","21","8.0","1","1","81","4","4","1023","4092","0.02"
"1","566","98","Liam Delap","Ipswich","21","8.0","1","1","139","60","18","146","8783","0.204"
"1","571","106","Loum Tchaouna","Lazio","20","8.0","1","1","96","17","11","327","5560","0.051"
"1","883","7","Soufiane Rahimi","Al-Ain","28","8.0","1","0","241","88","79","219","19257","2.0"
"1","91","75","Ayase Ueda","Feyenoord","25","8.0","1","1","1","0","1","0","21","0.26"
"1","696","130","Mousa Tamari","Mountpellier","27","8.0","1","1","201","34","24","436","14817","1.0"
"1","924","90","Tomas Cvancara","Gladbach","23","8.0","1","1","184","67","14","156","10431","0.0"
"1","868","113","Sergey Pinyaev","Lokomotiv Moscu","19","8.0","1","1","4","1","1","233","233","0.074"
"1","277","133","Evann Guessand","Niza","23","8.0","1","1","171","29","13","293","8493","0.034"
"1","702","17","Musa Barrow","Al-Taawoun","25","8.0","1","0","241","81","43","185","15004","0.121"
"1","443","58","Jesús Ferreira","Dallas","23","8.0","1","0","15","4","4","234","394","0.045"
"1","105","100","Benjamín Garré","KS Samara","24","8.0","1","1","2","0","0","0","140","0.041"
"1","96","173","Ben Brereton Díaz","Southampton","25","8.0","1","1","273","64","24","267","17066","1.2"
"1","429","155","Javi Puado","RSD Espanyol","26","8.0","1","1","203","52","20","261","13581","0.117"
"1","155","115","Chiedozie Ogbene","Luton","27","8.0","1","1","251","33","35","516","17027","0.05"
"1","119","128","Brandon Vazquez","Monterrey","25","8.0","1","0","6","0","0","0","136","0.139"
"1","773","58","Petar Musa","Dallas","26","8.0","1","0","27","14","2","159","2225","0.108"
"1","441","35","Jesper Karlsson","Bolonia","26","8.0","1","1","302","106","56","203","21547","0.051"
"1","384","156","Isi Palazón","Rayo Vallecano","29","8.0","1","1","354","53","23","426","22597","0.046"
"1","783","15","Rafa Mujica","Al-Sadd SC","25","8.0","1","0","197","61","11","197","12046","0.041"
"1","509","179","Junya Ito","Stade Reims","31","8.0","1","1","373","64","96","457","29246","0.664"
"1","80","130","Arnaud Nordin","Mountpellier","26","8.0","1","1","240","43","19","323","13884","0.032"
"1","784","97","Rafael Borré","Internacional","28","8.0","1","0","14","4","1","288","1153","1.6"
"1","704","91","Myrto Uzuni","Granada SF","29","8.0","1","1","304","112","41","215","24086","0.101"
"1","401","94","Jacob Bruun Larsen","Hoffenhein","25","8.0","1","1","231","57","42","203","11570","0.131"
"1","217","9","Demarai Gray","Al-Ettifaq","28","8.0","1","0","367","42","34","507","21275","0.319"
"1","303","139","Fran Navarro","Oporto FC","26","8.0","1","1","1","0","0","0","37","0.047"
"1","810","90","Robin Hack","Gladbach","25","8.0","1","1","264","85","48","218","18520","0.056"
"1","204","38","David Brooks","Bournemouth","27","8.0","1","1","176","26","30","381","9918","0.131"
"1","312","77","Gabriel Barbosa","Flamengo","27","8.0","1","0","22","4","1","165","658","11.7"
"1","749","142","Oussama Idrissi","Pachuca","28","8.0","1","0","5","1","0","325","325","0.266"
"1","955","97","Wanderson","Internacional","29","8.0","1","0","31","3","3","672","2017","0.303"
"1","332","55","Georgios Giakoumakis","Cruz Azul","29","8.0","1","0","16","7","4","155","1087","0.168"
"1","945","161","Vincent Janssen","Royal Amberes","30","8.0","1","1","2","1","1","180","180","0.001"
"1","59","145","Andrija Zivkovic","Paok","28","8.0","1","1","3","0","0","0","124","0.164"
"1","854","168","Sardar Azmoun","Shabab Al-Ahli","29","8.0","1","0","1","1","0","59","59","5.9"
"1","294","143","Felipe Anderson","Palmeiras","31","8.0","1","0","7","0","0","0","383","0.793"
"1","969","171","Wissam Ben Yedder","Sin Equipo","33","8.0","1","0","513","259","78","138","35737","0.628"
"1","197","198","Danny Ings","West Ham","32","8.0","1","1","402","124","39","209","25931","0.737"
"1","808","6","Roberto Firmino","Al-Ahli","32","8.0","1","0","587","177","118","237","41883","16.0"
"1","668","163","Michael Gregoritsch","SC Friburgo","30","8.0","1","1","450","106","35","243","25805","0.075"
"1","240","186","Duván Zapata","Torino","33","8.0","1","1","457","168","68","182","30609","0.621"
"1","911","30","Thomas Müller","Bayern Munich","34","8.0","1","1","795","284","273","207","58659","14.8"
"1","433","63","Jean-Mattéo Bahoya","Eintracht","19","7.5","1","1","52","12","5","160","1920","0.014"
"1","609","50","Marc Guiu","Chelsea FC","18","7.5","1","1","32","10","4","137","1370","1.7"
"1","308","122","Franculino","Midtjylland","20","7.5","1","1","6","2","2","189","678","0.013"
"1","6","42","Abdallah Sima","Brighton","23","7.5","1","1","130","46","13","178","8178","0.111"
"1","752","160","Pablo Solari","River Plate","23","7.5","1","0","26","5","5","318","1590","1.0"
"1","987","47","Zito Luvumbo","Cagliari","22","7.5","1","1","122","25","19","292","7291","0.229"
"1","602","176","Manfred Ugalde","Spartak Moscu","22","7.5","1","1","4","4","0","69","275","0.067"
"1","296","52","Ferran Jutglà","Club Brujas","25","7.5","1","1","3","0","0","0","141","0.249"
"1","660","185","Maximiliano Araújo","Toluca","24","7.5","1","0","4","2","0","89","178","0.178"
"1","27","176","Aleksandr Sobolev","Spartak Moscu","27","7.5","1","1","1","0","0","0","67","0.22"
"1","666","26","Meschack Elia","BSC Young Boys","26","7.5","1","1","4","0","0","0","244","0.129"
"1","162","76","Christian Kouamé","Fiorentina","26","7.5","1","1","331","54","49","363","19600","0.186"
"1","681","32","Milot Rashica","Besiktas","28","7.5","1","1","1","0","0","0","86","0.848"
"1","179","165","Cristian Arango","Salt Lake","29","7.5","1","1","25","17","5","112","1912","0.174"
"1","768","203","Pedro","Zenit","18","7.0","1","1","4","3","0","52","156","0.0"
"1","203","122","Darío Osorio","Midtjylland","20","7.0","1","1","6","1","0","315","315","0.238"
"1","472","78","John Kennedy","Fluminese","22","7.0","1","0","23","3","0","361","1083","1.0"
"1","943","181","Viktor Djukanovic","Standard Lieja","20","7.0","1","1","12","2","1","278","556","0.011"
"1","572","45","Luca Koleosho","Burnley","19","7.0","1","1","35","4","1","458","1831","0.014"
"1","908","150","Thiago Borbas","RB Bragantino","22","7.0","1","0","47","11","2","224","2464","0.009"
"1","638","37","Matheus Nascimento","Botafogo","20","7.0","1","0","9","0","2","0","288","0.144"
"1","743","98","Omari Hutchinson","Ipswich","20","7.0","1","1","123","36","32","229","8246","0.354"
"1","319","14","Gabriel Pereira","Al-Rayyan SC","23","7.0","1","0","2","0","2","0","159","0.335"
"1","952","150","Vitinho","RB Bragantino","25","7.0","1","0","40","4","4","523","2091","0.118"
"1","124","34","Brian Aguirre","Boca Juniors","21","7.0","1","0","24","2","2","682","1363","0.118"
"1","622","78","Marquinhos","Fluminese","21","7.0","1","0","24","2","2","858","1715","7.0"
"1","525","118","Kayky","Manchester City","21","7.0","1","1","89","12","10","334","4010","0.171"
"1","637","37","Matheus Martins","Botafogo","21","7.0","1","0","1","0","0","0","18","0.125"
"1","625","95","Martín Satriano","Inter","23","7.0","1","1","127","28","15","283","7912","0.072"
"1","320","56","Gabriel Veron","Cruzeiro Sporte Clube","21","7.0","1","0","21","4","1","255","1020","1.0"
"1","655","93","Matías Arezo","Grêmio Foot-Ball Porto Alegrense","21","7.0","1","0","4","0","0","0","52","0.141"
"1","187","72","Daan Rots","FC Twente Enschede","23","7.0","1","1","143","33","16","259","8553","0.017"
"1","440","43","Jeremy Sarmiento","Brighton & Hove Albion","22","7.0","1","1","81","8","4","335","2677","0.777"
